id,firstname,lastname,email,profession
100,Mathilda,Abram,Mathilda.Abram@yopmail.com,developer
101,Hettie,Valerio,Hettie.Valerio@yopmail.com,firefighter
102,Meg,Saunderson,Meg.Saunderson@yopmail.com,doctor
103,Lita,Tamsky,Lita.Tamsky@yopmail.com,doctor
104,Raquela,Freddi,Raquela.Freddi@yopmail.com,police officer
105,Verla,Weinreb,Verla.Weinreb@yopmail.com,worker
106,Cassandra,Suanne,Cassandra.Suanne@yopmail.com,firefighter
107,Allis,Yusuk,Allis.Yusuk@yopmail.com,worker
108,Cam,Blase,Cam.Blase@yopmail.com,developer
109,Basia,Fadiman,Basia.Fadiman@yopmail.com,worker
110,Ashlee,Klotz,Ashlee.Klotz@yopmail.com,developer
111,Lorie,Hull,Lorie.Hull@yopmail.com,police officer
112,Shaylyn,Pierette,Shaylyn.Pierette@yopmail.com,doctor
113,Raf,Nance,Raf.Nance@yopmail.com,doctor
114,Luci,Hillel,Luci.Hillel@yopmail.com,firefighter
115,Bertine,Clara,Bertine.Clara@yopmail.com,developer
116,Berta,Mott,Berta.Mott@yopmail.com,firefighter
117,Nyssa,Alcott,Nyssa.Alcott@yopmail.com,worker
118,Dania,Travax,Dania.Travax@yopmail.com,worker
119,Shel,Joachim,Shel.Joachim@yopmail.com,developer
120,Lonnie,Ivens,Lonnie.Ivens@yopmail.com,police officer
121,Paola,Buffum,Paola.Buffum@yopmail.com,firefighter
122,Merci,Chobot,Merci.Chobot@yopmail.com,doctor
123,Penelopa,Skell,Penelopa.Skell@yopmail.com,police officer
124,Mariele,Juliet,Mariele.Juliet@yopmail.com,developer
125,Micheline,Bertold,Micheline.Bertold@yopmail.com,police officer
126,Gavrielle,Gale,Gavrielle.Gale@yopmail.com,doctor
127,Annice,Baylor,Annice.Baylor@yopmail.com,worker
128,Luci,Toor,Luci.Toor@yopmail.com,police officer
129,Florencia,Fiann,Florencia.Fiann@yopmail.com,worker
130,Celene,Wenoa,Celene.Wenoa@yopmail.com,worker
131,Kassey,Thema,Kassey.Thema@yopmail.com,doctor
132,Alejandra,Regan,Alejandra.Regan@yopmail.com,doctor
133,Daryl,Yuille,Daryl.Yuille@yopmail.com,police officer
134,Madelle,Cimbura,Madelle.Cimbura@yopmail.com,developer
135,Berta,Glenden,Berta.Glenden@yopmail.com,developer
136,Courtnay,Socha,Courtnay.Socha@yopmail.com,firefighter
137,Sindee,Azeria,Sindee.Azeria@yopmail.com,police officer
138,Tracey,Cullin,Tracey.Cullin@yopmail.com,doctor
139,Jacenta,Heidt,Jacenta.Heidt@yopmail.com,doctor
140,Ursulina,Ovid,Ursulina.Ovid@yopmail.com,police officer
141,Dale,Sadowski,Dale.Sadowski@yopmail.com,doctor
142,Ayn,Isacco,Ayn.Isacco@yopmail.com,doctor
143,Charmaine,Grosz,Charmaine.Grosz@yopmail.com,doctor
144,Gwenneth,Damarra,Gwenneth.Damarra@yopmail.com,developer
145,Lita,Grimbly,Lita.Grimbly@yopmail.com,doctor
146,Katleen,Hoban,Katleen.Hoban@yopmail.com,police officer
147,Cacilie,Pond,Cacilie.Pond@yopmail.com,doctor
148,Tamqrah,Cloris,Tamqrah.Cloris@yopmail.com,developer
149,Natka,Beniamino,Natka.Beniamino@yopmail.com,developer
150,Gwyneth,Payson,Gwyneth.Payson@yopmail.com,developer
151,Vanessa,Shirberg,Vanessa.Shirberg@yopmail.com,doctor
152,Aubrie,Vastah,Aubrie.Vastah@yopmail.com,doctor
153,Ivett,Klotz,Ivett.Klotz@yopmail.com,firefighter
154,Max,Elvyn,Max.Elvyn@yopmail.com,doctor
155,Cyndie,Martsen,Cyndie.Martsen@yopmail.com,developer
156,Jenilee,Jethro,Jenilee.Jethro@yopmail.com,police officer
157,Roseline,Jerald,Roseline.Jerald@yopmail.com,police officer
158,Janis,Alva,Janis.Alva@yopmail.com,developer
159,Jolyn,Thad,Jolyn.Thad@yopmail.com,worker
160,Alia,Zeeba,Alia.Zeeba@yopmail.com,worker
161,Fayre,McLaughlin,Fayre.McLaughlin@yopmail.com,doctor
162,Ketti,Anyah,Ketti.Anyah@yopmail.com,police officer
163,Lily,Belanger,Lily.Belanger@yopmail.com,doctor
164,Cindelyn,Estella,Cindelyn.Estella@yopmail.com,worker
165,Kayla,Sibyls,Kayla.Sibyls@yopmail.com,worker
166,Esmeralda,Ursulette,Esmeralda.Ursulette@yopmail.com,doctor
167,Sara-Ann,Minetta,Sara-Ann.Minetta@yopmail.com,developer
168,Dorice,Nore,Dorice.Nore@yopmail.com,police officer
169,Chandra,Ezar,Chandra.Ezar@yopmail.com,worker
170,Lorie,Edison,Lorie.Edison@yopmail.com,worker
171,Amelia,Trey,Amelia.Trey@yopmail.com,worker
172,Kathi,Clie,Kathi.Clie@yopmail.com,police officer
173,Andeee,Hamil,Andeee.Hamil@yopmail.com,doctor
174,Dulcinea,Douglass,Dulcinea.Douglass@yopmail.com,developer
175,Alisha,Bibi,Alisha.Bibi@yopmail.com,doctor
176,Gabriellia,Azeria,Gabriellia.Azeria@yopmail.com,firefighter
177,Valeda,Magnolia,Valeda.Magnolia@yopmail.com,firefighter
178,Odessa,Lilas,Odessa.Lilas@yopmail.com,developer
179,Judy,Kauppi,Judy.Kauppi@yopmail.com,worker
180,Hope,Fredi,Hope.Fredi@yopmail.com,police officer
181,Queenie,Pascia,Queenie.Pascia@yopmail.com,firefighter
182,Rhea,Ambrosia,Rhea.Ambrosia@yopmail.com,doctor
183,Alisha,Lubin,Alisha.Lubin@yopmail.com,police officer
184,Gratia,Abram,Gratia.Abram@yopmail.com,worker
185,Lusa,Zachary,Lusa.Zachary@yopmail.com,police officer
186,Myriam,Howlyn,Myriam.Howlyn@yopmail.com,doctor
187,Merrie,Rugen,Merrie.Rugen@yopmail.com,police officer
188,Jsandye,Obed,Jsandye.Obed@yopmail.com,worker
189,Joy,Auberbach,Joy.Auberbach@yopmail.com,doctor
190,Ardeen,Kalinda,Ardeen.Kalinda@yopmail.com,developer
191,Charissa,Allina,Charissa.Allina@yopmail.com,worker
192,Moyna,Calhoun,Moyna.Calhoun@yopmail.com,developer
193,Larine,Dorine,Larine.Dorine@yopmail.com,firefighter
194,Melanie,Thilda,Melanie.Thilda@yopmail.com,doctor
195,Johna,Erskine,Johna.Erskine@yopmail.com,police officer
196,Ida,Riva,Ida.Riva@yopmail.com,worker
197,Sallie,Eben,Sallie.Eben@yopmail.com,doctor
198,Sybille,Cornelia,Sybille.Cornelia@yopmail.com,worker
199,Babita,Burch,Babita.Burch@yopmail.com,firefighter
200,Teriann,Ardeha,Teriann.Ardeha@yopmail.com,police officer
201,Karlee,Minetta,Karlee.Minetta@yopmail.com,worker
202,Orsola,Liva,Orsola.Liva@yopmail.com,worker
203,Valera,Cyrie,Valera.Cyrie@yopmail.com,police officer
204,Carmencita,Merriott,Carmencita.Merriott@yopmail.com,developer
205,Modestia,Toor,Modestia.Toor@yopmail.com,doctor
206,Fawne,Jerald,Fawne.Jerald@yopmail.com,worker
207,Korrie,Bates,Korrie.Bates@yopmail.com,police officer
208,Tabbatha,Ferino,Tabbatha.Ferino@yopmail.com,doctor
209,Hermione,Merriott,Hermione.Merriott@yopmail.com,doctor
210,Rivalee,Dannye,Rivalee.Dannye@yopmail.com,worker
211,Gretal,Shuler,Gretal.Shuler@yopmail.com,doctor
212,Ninnetta,Jacqui,Ninnetta.Jacqui@yopmail.com,worker
213,Sophia,Ferino,Sophia.Ferino@yopmail.com,doctor
214,Kirbee,Pip,Kirbee.Pip@yopmail.com,doctor
215,Lila,Buttaro,Lila.Buttaro@yopmail.com,doctor
216,Allis,Casimir,Allis.Casimir@yopmail.com,developer
217,Mady,Mott,Mady.Mott@yopmail.com,worker
218,Kaja,Cressida,Kaja.Cressida@yopmail.com,doctor
219,Correy,Connelly,Correy.Connelly@yopmail.com,police officer
220,Lanna,Bohlin,Lanna.Bohlin@yopmail.com,doctor
221,Hallie,Edison,Hallie.Edison@yopmail.com,worker
222,Elora,Ludewig,Elora.Ludewig@yopmail.com,doctor
223,Fanny,Shama,Fanny.Shama@yopmail.com,worker
224,Marcy,Dermott,Marcy.Dermott@yopmail.com,doctor
225,Deane,Faust,Deane.Faust@yopmail.com,firefighter
226,Kylynn,Fillbert,Kylynn.Fillbert@yopmail.com,police officer
227,Kial,Harned,Kial.Harned@yopmail.com,developer
228,Selma,Amethist,Selma.Amethist@yopmail.com,firefighter
229,Averyl,Nore,Averyl.Nore@yopmail.com,worker
230,Emma,Couture,Emma.Couture@yopmail.com,police officer
231,Kristan,Ardeha,Kristan.Ardeha@yopmail.com,worker
232,Nananne,McClimans,Nananne.McClimans@yopmail.com,police officer
233,Anica,Albertine,Anica.Albertine@yopmail.com,police officer
234,Sissy,Alisia,Sissy.Alisia@yopmail.com,firefighter
235,Dania,Naashom,Dania.Naashom@yopmail.com,police officer
236,Kristina,Euridice,Kristina.Euridice@yopmail.com,firefighter
237,Valera,Markman,Valera.Markman@yopmail.com,developer
238,Micheline,Libna,Micheline.Libna@yopmail.com,worker
239,Merrie,Fiann,Merrie.Fiann@yopmail.com,doctor
240,Lindie,Ade,Lindie.Ade@yopmail.com,firefighter
241,Elora,Juliet,Elora.Juliet@yopmail.com,firefighter
242,Caressa,O'Rourke,Caressa.O'Rourke@yopmail.com,developer
243,Gwenneth,Haerr,Gwenneth.Haerr@yopmail.com,doctor
244,Barbara,Gherardo,Barbara.Gherardo@yopmail.com,doctor
245,Maurene,Ranjiv,Maurene.Ranjiv@yopmail.com,doctor
246,Chickie,Toor,Chickie.Toor@yopmail.com,doctor
247,Hayley,Dawkins,Hayley.Dawkins@yopmail.com,police officer
248,Vanessa,Palocz,Vanessa.Palocz@yopmail.com,police officer
249,Lusa,Sammons,Lusa.Sammons@yopmail.com,worker
250,Mariann,Zaslow,Mariann.Zaslow@yopmail.com,developer
251,Hallie,Bevin,Hallie.Bevin@yopmail.com,firefighter
252,Gertrud,Penelopa,Gertrud.Penelopa@yopmail.com,firefighter
253,Amii,Ulphia,Amii.Ulphia@yopmail.com,worker
254,Johna,Odysseus,Johna.Odysseus@yopmail.com,developer
255,Delilah,Reinke,Delilah.Reinke@yopmail.com,police officer
256,Cecile,O'Carroll,Cecile.O'Carroll@yopmail.com,police officer
257,Krystle,Wu,Krystle.Wu@yopmail.com,firefighter
258,Ilse,Zetta,Ilse.Zetta@yopmail.com,developer
259,Candy,Blase,Candy.Blase@yopmail.com,doctor
260,Lita,Leonard,Lita.Leonard@yopmail.com,police officer
261,Jsandye,Hurley,Jsandye.Hurley@yopmail.com,developer
262,Wileen,Cohdwell,Wileen.Cohdwell@yopmail.com,worker
263,Maisey,Aldric,Maisey.Aldric@yopmail.com,doctor
264,Fernande,Loeb,Fernande.Loeb@yopmail.com,worker
265,Sandie,Kaja,Sandie.Kaja@yopmail.com,developer
266,Gwenneth,Dyche,Gwenneth.Dyche@yopmail.com,developer
267,Trixi,Regan,Trixi.Regan@yopmail.com,firefighter
268,Mara,Caitlin,Mara.Caitlin@yopmail.com,doctor
269,Linzy,Medrek,Linzy.Medrek@yopmail.com,worker
270,Shel,Podvin,Shel.Podvin@yopmail.com,firefighter
271,Andeee,Croix,Andeee.Croix@yopmail.com,worker
272,Meghann,Graig,Meghann.Graig@yopmail.com,firefighter
273,Nananne,Edison,Nananne.Edison@yopmail.com,doctor
274,Gusty,Oscar,Gusty.Oscar@yopmail.com,police officer
275,Loree,Maiah,Loree.Maiah@yopmail.com,doctor
276,Claudina,Crudden,Claudina.Crudden@yopmail.com,worker
277,Laure,Land,Laure.Land@yopmail.com,firefighter
278,Glynnis,Kinnard,Glynnis.Kinnard@yopmail.com,worker
279,Chickie,Rubie,Chickie.Rubie@yopmail.com,doctor
280,Marsiella,Odysseus,Marsiella.Odysseus@yopmail.com,developer
281,Lanna,Dorothy,Lanna.Dorothy@yopmail.com,worker
282,Hayley,Buttaro,Hayley.Buttaro@yopmail.com,worker
283,Vanessa,Sparhawk,Vanessa.Sparhawk@yopmail.com,police officer
284,Winifred,Llovera,Winifred.Llovera@yopmail.com,worker
285,Rani,McLaughlin,Rani.McLaughlin@yopmail.com,police officer
286,Wynne,Wareing,Wynne.Wareing@yopmail.com,police officer
287,Claudina,Gregrory,Claudina.Gregrory@yopmail.com,developer
288,Korrie,Millda,Korrie.Millda@yopmail.com,police officer
289,Cissiee,Lasley,Cissiee.Lasley@yopmail.com,worker
290,Elyssa,Jarib,Elyssa.Jarib@yopmail.com,doctor
291,Fred,Kress,Fred.Kress@yopmail.com,worker
292,Fawne,Celestine,Fawne.Celestine@yopmail.com,worker
293,Florencia,Malanie,Florencia.Malanie@yopmail.com,police officer
294,Dode,Eldrid,Dode.Eldrid@yopmail.com,developer
295,Marika,Middleton,Marika.Middleton@yopmail.com,developer
296,Blake,Demitria,Blake.Demitria@yopmail.com,doctor
297,Marleah,Vernier,Marleah.Vernier@yopmail.com,firefighter
298,Modestia,Gert,Modestia.Gert@yopmail.com,firefighter
299,Nicoli,McClimans,Nicoli.McClimans@yopmail.com,worker
300,Marita,Belldas,Marita.Belldas@yopmail.com,police officer
301,Elbertina,Adalbert,Elbertina.Adalbert@yopmail.com,doctor
302,Lisette,O'Neill,Lisette.O'Neill@yopmail.com,worker
303,Goldie,Myrilla,Goldie.Myrilla@yopmail.com,police officer
304,Larine,Maroney,Larine.Maroney@yopmail.com,doctor
305,Ginnie,Doig,Ginnie.Doig@yopmail.com,doctor
306,Karina,Mullane,Karina.Mullane@yopmail.com,firefighter
307,Cathyleen,Nickola,Cathyleen.Nickola@yopmail.com,police officer
308,Brandise,Gemini,Brandise.Gemini@yopmail.com,worker
309,Doralynne,Meli,Doralynne.Meli@yopmail.com,police officer
310,Tracey,Beebe,Tracey.Beebe@yopmail.com,worker
311,Barbara,Malvino,Barbara.Malvino@yopmail.com,firefighter
312,Caritta,Fry,Caritta.Fry@yopmail.com,firefighter
313,Alexine,Malina,Alexine.Malina@yopmail.com,developer
314,Wanda,Prouty,Wanda.Prouty@yopmail.com,developer
315,Estell,Odysseus,Estell.Odysseus@yopmail.com,doctor
316,Maud,Kalinda,Maud.Kalinda@yopmail.com,developer
317,Carly,Dielu,Carly.Dielu@yopmail.com,worker
318,Iseabal,Timon,Iseabal.Timon@yopmail.com,firefighter
319,Addia,Ralfston,Addia.Ralfston@yopmail.com,firefighter
320,Ekaterina,Lipson,Ekaterina.Lipson@yopmail.com,firefighter
321,Marguerite,Arquit,Marguerite.Arquit@yopmail.com,doctor
322,Odessa,Modie,Odessa.Modie@yopmail.com,doctor
323,Ofilia,Valoniah,Ofilia.Valoniah@yopmail.com,firefighter
324,Philis,Rooney,Philis.Rooney@yopmail.com,doctor
325,Concettina,Fontana,Concettina.Fontana@yopmail.com,police officer
326,Zia,Oriana,Zia.Oriana@yopmail.com,doctor
327,Roseline,Vernier,Roseline.Vernier@yopmail.com,firefighter
328,Averyl,Wildermuth,Averyl.Wildermuth@yopmail.com,developer
329,Sibella,Etom,Sibella.Etom@yopmail.com,worker
330,Randa,Behre,Randa.Behre@yopmail.com,doctor
331,Dianemarie,Lea,Dianemarie.Lea@yopmail.com,worker
332,Lacie,Fancie,Lacie.Fancie@yopmail.com,police officer
333,Leia,Strephon,Leia.Strephon@yopmail.com,worker
334,Ilse,Trey,Ilse.Trey@yopmail.com,developer
335,Teddie,Louanna,Teddie.Louanna@yopmail.com,police officer
336,Lynde,Persse,Lynde.Persse@yopmail.com,doctor
337,Desirae,Eno,Desirae.Eno@yopmail.com,doctor
338,Letizia,Colleen,Letizia.Colleen@yopmail.com,developer
339,Carlie,Brodench,Carlie.Brodench@yopmail.com,firefighter
340,Kary,Rudolph,Kary.Rudolph@yopmail.com,doctor
341,Joleen,Lasley,Joleen.Lasley@yopmail.com,developer
342,Deirdre,Kellby,Deirdre.Kellby@yopmail.com,police officer
343,Correy,Edee,Correy.Edee@yopmail.com,firefighter
344,Jackie,Regan,Jackie.Regan@yopmail.com,firefighter
345,Siana,Alejoa,Siana.Alejoa@yopmail.com,worker
346,Renae,Paine,Renae.Paine@yopmail.com,developer
347,Ardenia,Greyson,Ardenia.Greyson@yopmail.com,police officer
348,Marguerite,Olnee,Marguerite.Olnee@yopmail.com,worker
349,Josephine,Noman,Josephine.Noman@yopmail.com,worker
350,Nyssa,Eben,Nyssa.Eben@yopmail.com,firefighter
351,Myrtice,Kare,Myrtice.Kare@yopmail.com,worker
352,Anestassia,Milson,Anestassia.Milson@yopmail.com,police officer
353,Carlie,Moina,Carlie.Moina@yopmail.com,police officer
354,Emelina,Fink,Emelina.Fink@yopmail.com,firefighter
355,Theodora,Croix,Theodora.Croix@yopmail.com,doctor
356,Rhoda,Havens,Rhoda.Havens@yopmail.com,firefighter
357,Merry,Halla,Merry.Halla@yopmail.com,doctor
358,Elmira,Alva,Elmira.Alva@yopmail.com,doctor
359,Leeanne,Madelene,Leeanne.Madelene@yopmail.com,firefighter
360,Silvana,Iiette,Silvana.Iiette@yopmail.com,worker
361,Jeanna,Klemperer,Jeanna.Klemperer@yopmail.com,police officer
362,Danny,Saunderson,Danny.Saunderson@yopmail.com,developer
363,Corene,Lytton,Corene.Lytton@yopmail.com,developer
364,Sandie,Jess,Sandie.Jess@yopmail.com,developer
365,Allis,Glenden,Allis.Glenden@yopmail.com,police officer
366,Marita,Kravits,Marita.Kravits@yopmail.com,firefighter
367,Molli,Mallon,Molli.Mallon@yopmail.com,doctor
368,Kaia,Ambrosia,Kaia.Ambrosia@yopmail.com,doctor
369,Sophia,Freddi,Sophia.Freddi@yopmail.com,firefighter
370,Minda,Jena,Minda.Jena@yopmail.com,police officer
371,Hildegaard,Hashim,Hildegaard.Hashim@yopmail.com,police officer
372,Angelique,Joachim,Angelique.Joachim@yopmail.com,developer
373,Lucille,Adamsen,Lucille.Adamsen@yopmail.com,developer
374,Glenda,Blake,Glenda.Blake@yopmail.com,doctor
375,Paulita,Dahlia,Paulita.Dahlia@yopmail.com,developer
376,Henriette,Macey,Henriette.Macey@yopmail.com,firefighter
377,Kirstin,Timon,Kirstin.Timon@yopmail.com,firefighter
378,Jenda,Darian,Jenda.Darian@yopmail.com,doctor
379,Monika,Devlen,Monika.Devlen@yopmail.com,police officer
380,Clarice,Emmaline,Clarice.Emmaline@yopmail.com,developer
381,Kimmy,Ries,Kimmy.Ries@yopmail.com,doctor
382,Chickie,Brunell,Chickie.Brunell@yopmail.com,police officer
383,Coral,Voletta,Coral.Voletta@yopmail.com,doctor
384,Asia,Margarete,Asia.Margarete@yopmail.com,worker
385,Dawn,Atonsah,Dawn.Atonsah@yopmail.com,doctor
386,Selma,Weinreb,Selma.Weinreb@yopmail.com,developer
387,Roslyn,Anyah,Roslyn.Anyah@yopmail.com,doctor
388,Yvonne,Primalia,Yvonne.Primalia@yopmail.com,firefighter
389,Stevana,Ochs,Stevana.Ochs@yopmail.com,developer
390,Clarice,Naashom,Clarice.Naashom@yopmail.com,firefighter
391,Iseabal,Jacobah,Iseabal.Jacobah@yopmail.com,police officer
392,Tabbatha,Leopold,Tabbatha.Leopold@yopmail.com,worker
393,Jere,Sasnett,Jere.Sasnett@yopmail.com,firefighter
394,Genovera,Minetta,Genovera.Minetta@yopmail.com,police officer
395,Lanae,Myrilla,Lanae.Myrilla@yopmail.com,police officer
396,Jinny,Persse,Jinny.Persse@yopmail.com,doctor
397,Corry,Edee,Corry.Edee@yopmail.com,firefighter
398,Sabina,Johnsson,Sabina.Johnsson@yopmail.com,firefighter
399,Philis,Krystle,Philis.Krystle@yopmail.com,doctor
400,Elise,Evangelia,Elise.Evangelia@yopmail.com,developer
401,Wilma,Abbot,Wilma.Abbot@yopmail.com,police officer
402,Doro,Celestine,Doro.Celestine@yopmail.com,police officer
403,Carmencita,Vary,Carmencita.Vary@yopmail.com,worker
404,Wileen,Sheedy,Wileen.Sheedy@yopmail.com,police officer
405,Marjie,Fry,Marjie.Fry@yopmail.com,doctor
406,Caryl,Fleeta,Caryl.Fleeta@yopmail.com,doctor
407,Babita,Dosia,Babita.Dosia@yopmail.com,doctor
408,Christal,Devlen,Christal.Devlen@yopmail.com,worker
409,Tani,Daveta,Tani.Daveta@yopmail.com,doctor
410,Britni,Aida,Britni.Aida@yopmail.com,police officer
411,Gerianna,Maryanne,Gerianna.Maryanne@yopmail.com,worker
412,Ida,Shuler,Ida.Shuler@yopmail.com,worker
413,Natka,Pond,Natka.Pond@yopmail.com,developer
414,Edyth,Orelee,Edyth.Orelee@yopmail.com,worker
415,Quintina,Vary,Quintina.Vary@yopmail.com,doctor
416,Susette,Emmaline,Susette.Emmaline@yopmail.com,doctor
417,Cherrita,Schonfeld,Cherrita.Schonfeld@yopmail.com,firefighter
418,Brandise,Gherardo,Brandise.Gherardo@yopmail.com,developer
419,Wanda,Garbe,Wanda.Garbe@yopmail.com,worker
420,Steffane,Cordi,Steffane.Cordi@yopmail.com,doctor
421,Shandie,Dannye,Shandie.Dannye@yopmail.com,firefighter
422,Evita,Sallyann,Evita.Sallyann@yopmail.com,firefighter
423,Taffy,Montgomery,Taffy.Montgomery@yopmail.com,developer
424,Danika,Lilybelle,Danika.Lilybelle@yopmail.com,firefighter
425,Carilyn,Mata,Carilyn.Mata@yopmail.com,doctor
426,Ethel,Rosette,Ethel.Rosette@yopmail.com,worker
427,Althea,Delacourt,Althea.Delacourt@yopmail.com,police officer
428,Mara,Arne,Mara.Arne@yopmail.com,doctor
429,Elmira,Llovera,Elmira.Llovera@yopmail.com,worker
430,Rhoda,Lasley,Rhoda.Lasley@yopmail.com,doctor
431,Ermengarde,Darrell,Ermengarde.Darrell@yopmail.com,worker
432,Karina,Brackely,Karina.Brackely@yopmail.com,firefighter
433,Annice,Lasley,Annice.Lasley@yopmail.com,firefighter
434,Mariele,Shama,Mariele.Shama@yopmail.com,police officer
435,Rayna,Laverne,Rayna.Laverne@yopmail.com,worker
436,Coral,Yusuk,Coral.Yusuk@yopmail.com,doctor
437,Christian,Kaja,Christian.Kaja@yopmail.com,firefighter
438,Arlena,Center,Arlena.Center@yopmail.com,worker
439,Grier,Genna,Grier.Genna@yopmail.com,firefighter
440,Cecile,Baylor,Cecile.Baylor@yopmail.com,doctor
441,Kristan,Francene,Kristan.Francene@yopmail.com,developer
442,Trixi,Mayeda,Trixi.Mayeda@yopmail.com,worker
443,Jorry,Obed,Jorry.Obed@yopmail.com,worker
444,Averyl,Tufts,Averyl.Tufts@yopmail.com,developer
445,Micheline,Gale,Micheline.Gale@yopmail.com,worker
446,Alia,Henebry,Alia.Henebry@yopmail.com,worker
447,Kassey,Pillsbury,Kassey.Pillsbury@yopmail.com,firefighter
448,Jorry,Alejoa,Jorry.Alejoa@yopmail.com,police officer
449,Halette,Pierette,Halette.Pierette@yopmail.com,police officer
450,Cristine,Gale,Cristine.Gale@yopmail.com,police officer
451,Juliane,Maiah,Juliane.Maiah@yopmail.com,firefighter
452,Rayna,Lenny,Rayna.Lenny@yopmail.com,firefighter
453,Shannah,Wind,Shannah.Wind@yopmail.com,firefighter
454,Doralynne,Yerkovich,Doralynne.Yerkovich@yopmail.com,doctor
455,Lanae,Allare,Lanae.Allare@yopmail.com,developer
456,Edith,Claudine,Edith.Claudine@yopmail.com,police officer
457,Feliza,Ietta,Feliza.Ietta@yopmail.com,developer
458,Frank,Donoghue,Frank.Donoghue@yopmail.com,firefighter
459,Mildrid,Dominy,Mildrid.Dominy@yopmail.com,firefighter
460,Ivett,Ailyn,Ivett.Ailyn@yopmail.com,police officer
461,Layla,Giff,Layla.Giff@yopmail.com,developer
462,Daune,Freddi,Daune.Freddi@yopmail.com,developer
463,Rosene,Hertzfeld,Rosene.Hertzfeld@yopmail.com,worker
464,Hyacinthe,Remmer,Hyacinthe.Remmer@yopmail.com,doctor
465,Mureil,Ietta,Mureil.Ietta@yopmail.com,developer
466,Johna,Lindemann,Johna.Lindemann@yopmail.com,worker
467,Paola,Dowski,Paola.Dowski@yopmail.com,developer
468,Valli,Bandeen,Valli.Bandeen@yopmail.com,doctor
469,Mariann,Estella,Mariann.Estella@yopmail.com,worker
470,Vere,Japeth,Vere.Japeth@yopmail.com,doctor
471,Sandie,Chandler,Sandie.Chandler@yopmail.com,police officer
472,Corry,Terencio,Corry.Terencio@yopmail.com,developer
473,Lory,Neva,Lory.Neva@yopmail.com,firefighter
474,Magdalena,Merriott,Magdalena.Merriott@yopmail.com,worker
475,Fernande,Corrine,Fernande.Corrine@yopmail.com,doctor
476,Penelopa,Evvie,Penelopa.Evvie@yopmail.com,developer
477,Dode,Rudolph,Dode.Rudolph@yopmail.com,doctor
478,Blake,Jarib,Blake.Jarib@yopmail.com,doctor
479,Justinn,Standing,Justinn.Standing@yopmail.com,police officer
480,Paulita,Dielu,Paulita.Dielu@yopmail.com,developer
481,Brandise,Rona,Brandise.Rona@yopmail.com,worker
482,Kamilah,Socha,Kamilah.Socha@yopmail.com,worker
483,Daphne,Greenwald,Daphne.Greenwald@yopmail.com,worker
484,Cacilie,Khorma,Cacilie.Khorma@yopmail.com,firefighter
485,Ashlee,Kolnick,Ashlee.Kolnick@yopmail.com,worker
486,Wynne,Carey,Wynne.Carey@yopmail.com,firefighter
487,Deane,Cressida,Deane.Cressida@yopmail.com,developer
488,Sidoney,Selway,Sidoney.Selway@yopmail.com,doctor
489,Mady,Stav,Mady.Stav@yopmail.com,police officer
490,Sidoney,Janene,Sidoney.Janene@yopmail.com,worker
491,Jinny,Kristi,Jinny.Kristi@yopmail.com,worker
492,Doro,Roumell,Doro.Roumell@yopmail.com,firefighter
493,Sybille,Mott,Sybille.Mott@yopmail.com,developer
494,Gabi,Henebry,Gabi.Henebry@yopmail.com,firefighter
495,Lesly,Even,Lesly.Even@yopmail.com,police officer
496,Gabriellia,O'Rourke,Gabriellia.O'Rourke@yopmail.com,worker
497,Shell,Rolf,Shell.Rolf@yopmail.com,developer
498,Janenna,Dimitris,Janenna.Dimitris@yopmail.com,firefighter
499,Vanessa,Firmin,Vanessa.Firmin@yopmail.com,police officer
500,Katharina,My,Katharina.My@yopmail.com,firefighter
501,Livvyy,Yam,Livvyy.Yam@yopmail.com,worker
502,Ebonee,Macey,Ebonee.Macey@yopmail.com,firefighter
503,Frances,Anderea,Frances.Anderea@yopmail.com,doctor
504,Dominga,Ezar,Dominga.Ezar@yopmail.com,doctor
505,Alex,Norrie,Alex.Norrie@yopmail.com,developer
506,Tabbatha,Ellerey,Tabbatha.Ellerey@yopmail.com,police officer
507,Di,Obed,Di.Obed@yopmail.com,doctor
508,Shaylyn,Melleta,Shaylyn.Melleta@yopmail.com,firefighter
509,Ilse,Iaverne,Ilse.Iaverne@yopmail.com,developer
510,Madalyn,Joni,Madalyn.Joni@yopmail.com,worker
511,Iseabal,Alejoa,Iseabal.Alejoa@yopmail.com,worker
512,Wendi,Malina,Wendi.Malina@yopmail.com,police officer
513,Ginnie,Arathorn,Ginnie.Arathorn@yopmail.com,worker
514,Ericka,Teryn,Ericka.Teryn@yopmail.com,developer
515,Mamie,Elvyn,Mamie.Elvyn@yopmail.com,firefighter
516,Lita,Bollay,Lita.Bollay@yopmail.com,firefighter
517,Dacia,Joli,Dacia.Joli@yopmail.com,worker
518,Janis,Daegal,Janis.Daegal@yopmail.com,worker
519,Judy,Tristram,Judy.Tristram@yopmail.com,firefighter
520,Julieta,Jethro,Julieta.Jethro@yopmail.com,firefighter
521,Bobinette,Roscoe,Bobinette.Roscoe@yopmail.com,doctor
522,Minda,Arathorn,Minda.Arathorn@yopmail.com,firefighter
523,Jany,Azeria,Jany.Azeria@yopmail.com,doctor
524,Kimberley,Ax,Kimberley.Ax@yopmail.com,doctor
525,Carolina,Thema,Carolina.Thema@yopmail.com,firefighter
526,Nickie,Madaih,Nickie.Madaih@yopmail.com,firefighter
527,Leanna,Othilia,Leanna.Othilia@yopmail.com,police officer
528,Gerianna,Yusuk,Gerianna.Yusuk@yopmail.com,doctor
529,Desirae,Lindemann,Desirae.Lindemann@yopmail.com,police officer
530,Riannon,Waldron,Riannon.Waldron@yopmail.com,developer
531,Catrina,Goth,Catrina.Goth@yopmail.com,firefighter
532,Laure,Burnside,Laure.Burnside@yopmail.com,firefighter
533,Neila,Stacy,Neila.Stacy@yopmail.com,worker
534,Danny,Malina,Danny.Malina@yopmail.com,police officer
535,Almeta,Sabella,Almeta.Sabella@yopmail.com,police officer
536,Deirdre,Rebecka,Deirdre.Rebecka@yopmail.com,developer
537,Joy,Ax,Joy.Ax@yopmail.com,police officer
538,Emelina,Pauly,Emelina.Pauly@yopmail.com,doctor
539,Maridel,Baudin,Maridel.Baudin@yopmail.com,police officer
540,Sidoney,Xerxes,Sidoney.Xerxes@yopmail.com,doctor
541,Nadine,Amasa,Nadine.Amasa@yopmail.com,worker
542,Clementine,Corabella,Clementine.Corabella@yopmail.com,worker
543,Carol-Jean,Rodmann,Carol-Jean.Rodmann@yopmail.com,firefighter
544,Calla,Bonucci,Calla.Bonucci@yopmail.com,firefighter
545,Audrie,Ferrell,Audrie.Ferrell@yopmail.com,police officer
546,Laurene,Chobot,Laurene.Chobot@yopmail.com,police officer
547,Caritta,O'Neill,Caritta.O'Neill@yopmail.com,firefighter
548,Lenna,Beebe,Lenna.Beebe@yopmail.com,police officer
549,Anallese,Claudine,Anallese.Claudine@yopmail.com,doctor
550,Jenda,Constancy,Jenda.Constancy@yopmail.com,worker
551,Hermione,Eliathas,Hermione.Eliathas@yopmail.com,police officer
552,Daphne,Ovid,Daphne.Ovid@yopmail.com,worker
553,Gertrud,Bow,Gertrud.Bow@yopmail.com,police officer
554,Berget,Mandler,Berget.Mandler@yopmail.com,developer
555,Asia,Andrel,Asia.Andrel@yopmail.com,doctor
556,Lanna,Ashely,Lanna.Ashely@yopmail.com,worker
557,Kenna,Dermott,Kenna.Dermott@yopmail.com,developer
558,Aaren,Federica,Aaren.Federica@yopmail.com,firefighter
559,Tani,Merat,Tani.Merat@yopmail.com,worker
560,Marnia,Bates,Marnia.Bates@yopmail.com,police officer
561,Dorice,Bultman,Dorice.Bultman@yopmail.com,doctor
562,Kalina,Tremayne,Kalina.Tremayne@yopmail.com,firefighter
563,Sissy,Wattenberg,Sissy.Wattenberg@yopmail.com,doctor
564,Annice,Standing,Annice.Standing@yopmail.com,worker
565,Esmeralda,Erskine,Esmeralda.Erskine@yopmail.com,doctor
566,Babita,Newell,Babita.Newell@yopmail.com,firefighter
567,Cam,Halla,Cam.Halla@yopmail.com,developer
568,Ana,Dulciana,Ana.Dulciana@yopmail.com,firefighter
569,Vinita,Sancho,Vinita.Sancho@yopmail.com,police officer
570,Nataline,Ajay,Nataline.Ajay@yopmail.com,worker
571,Ileana,Hourigan,Ileana.Hourigan@yopmail.com,worker
572,Stevana,Ambrosia,Stevana.Ambrosia@yopmail.com,firefighter
573,Lilith,McGrody,Lilith.McGrody@yopmail.com,firefighter
574,Marika,Gaspard,Marika.Gaspard@yopmail.com,firefighter
575,Merry,Casimir,Merry.Casimir@yopmail.com,police officer
576,Hyacinthe,Aloise,Hyacinthe.Aloise@yopmail.com,firefighter
577,Steffane,Jess,Steffane.Jess@yopmail.com,police officer
578,Wynne,Raimondo,Wynne.Raimondo@yopmail.com,doctor
579,Nicoli,Nea,Nicoli.Nea@yopmail.com,firefighter
580,Tera,Markman,Tera.Markman@yopmail.com,police officer
581,Bee,Pandolfi,Bee.Pandolfi@yopmail.com,worker
582,Brynna,Jacqui,Brynna.Jacqui@yopmail.com,firefighter
583,Bobbi,Donoghue,Bobbi.Donoghue@yopmail.com,firefighter
584,Tonia,Ciro,Tonia.Ciro@yopmail.com,doctor
585,Eadie,Boehike,Eadie.Boehike@yopmail.com,doctor
586,Ellette,Travax,Ellette.Travax@yopmail.com,firefighter
587,Eve,Francene,Eve.Francene@yopmail.com,doctor
588,Ardenia,Flita,Ardenia.Flita@yopmail.com,doctor
589,Margette,Raffo,Margette.Raffo@yopmail.com,worker
590,Rubie,Alisia,Rubie.Alisia@yopmail.com,developer
591,Cissiee,Loeb,Cissiee.Loeb@yopmail.com,police officer
592,Cordi,Paine,Cordi.Paine@yopmail.com,firefighter
593,Amii,Primalia,Amii.Primalia@yopmail.com,doctor
594,Justinn,Bord,Justinn.Bord@yopmail.com,firefighter
595,Esmeralda,Hillel,Esmeralda.Hillel@yopmail.com,worker
596,Cathie,Aloise,Cathie.Aloise@yopmail.com,developer
597,Madeleine,Ciro,Madeleine.Ciro@yopmail.com,police officer
598,Brianna,Morgun,Brianna.Morgun@yopmail.com,developer
599,Lorie,Ezar,Lorie.Ezar@yopmail.com,doctor
600,Johna,Publia,Johna.Publia@yopmail.com,developer
601,Aigneis,Naor,Aigneis.Naor@yopmail.com,developer
602,Aryn,Trace,Aryn.Trace@yopmail.com,worker
603,Genevra,Infield,Genevra.Infield@yopmail.com,police officer
604,Tarra,Heidt,Tarra.Heidt@yopmail.com,doctor
605,Alex,Wenoa,Alex.Wenoa@yopmail.com,developer
606,Delilah,Pascia,Delilah.Pascia@yopmail.com,firefighter
607,Carmela,Adamsen,Carmela.Adamsen@yopmail.com,police officer
608,Tamqrah,Rosette,Tamqrah.Rosette@yopmail.com,police officer
609,Edith,Braun,Edith.Braun@yopmail.com,police officer
610,Philis,Malina,Philis.Malina@yopmail.com,firefighter
611,Cristabel,Iiette,Cristabel.Iiette@yopmail.com,doctor
612,Pearline,Gavrila,Pearline.Gavrila@yopmail.com,developer
613,Dulcinea,Alcott,Dulcinea.Alcott@yopmail.com,police officer
614,Helena,Raimondo,Helena.Raimondo@yopmail.com,doctor
615,Linzy,Louanna,Linzy.Louanna@yopmail.com,police officer
616,Kristan,Vernier,Kristan.Vernier@yopmail.com,developer
617,Madeleine,Morrill,Madeleine.Morrill@yopmail.com,developer
618,Carly,Swigart,Carly.Swigart@yopmail.com,developer
619,Cassondra,Greenwald,Cassondra.Greenwald@yopmail.com,developer
620,Nickie,Codding,Nickie.Codding@yopmail.com,doctor
621,Collen,Yerkovich,Collen.Yerkovich@yopmail.com,doctor
622,Lacie,Toffic,Lacie.Toffic@yopmail.com,police officer
623,Dulcinea,Goode,Dulcinea.Goode@yopmail.com,police officer
624,Mildrid,Natalia,Mildrid.Natalia@yopmail.com,police officer
625,Sallie,Raimondo,Sallie.Raimondo@yopmail.com,worker
626,Clementine,Mott,Clementine.Mott@yopmail.com,worker
627,Oralee,Ranjiv,Oralee.Ranjiv@yopmail.com,developer
628,Elvira,Himelman,Elvira.Himelman@yopmail.com,firefighter
629,Benita,Chick,Benita.Chick@yopmail.com,police officer
630,Ketti,Kauppi,Ketti.Kauppi@yopmail.com,developer
631,Josephine,Harl,Josephine.Harl@yopmail.com,worker
632,Jinny,Emmy,Jinny.Emmy@yopmail.com,police officer
633,Lorie,Vivle,Lorie.Vivle@yopmail.com,firefighter
634,Elyssa,Merna,Elyssa.Merna@yopmail.com,worker
635,Lanna,Annabella,Lanna.Annabella@yopmail.com,worker
636,Ingrid,Vastah,Ingrid.Vastah@yopmail.com,worker
637,Ivett,Garbe,Ivett.Garbe@yopmail.com,developer
638,Lelah,Elisha,Lelah.Elisha@yopmail.com,firefighter
639,Briney,Codding,Briney.Codding@yopmail.com,firefighter
640,Gabi,Hortensia,Gabi.Hortensia@yopmail.com,doctor
641,Arabel,Marisa,Arabel.Marisa@yopmail.com,worker
642,Jillayne,Henebry,Jillayne.Henebry@yopmail.com,police officer
643,Barbara,Lipson,Barbara.Lipson@yopmail.com,worker
644,Dari,Brackely,Dari.Brackely@yopmail.com,developer
645,Merci,Juliet,Merci.Juliet@yopmail.com,firefighter
646,Carolina,Rebecka,Carolina.Rebecka@yopmail.com,firefighter
647,Dione,Ailyn,Dione.Ailyn@yopmail.com,doctor
648,Jan,Carolin,Jan.Carolin@yopmail.com,developer
649,Ekaterina,Hartnett,Ekaterina.Hartnett@yopmail.com,developer
650,Valli,Alcott,Valli.Alcott@yopmail.com,worker
651,Alexine,Morehouse,Alexine.Morehouse@yopmail.com,worker
652,Maye,Elephus,Maye.Elephus@yopmail.com,police officer
653,Gabriellia,Thornburg,Gabriellia.Thornburg@yopmail.com,developer
654,Alia,Rossner,Alia.Rossner@yopmail.com,worker
655,Allis,Bergman,Allis.Bergman@yopmail.com,doctor
656,Rebeca,Goddard,Rebeca.Goddard@yopmail.com,developer
657,Sybille,Tacye,Sybille.Tacye@yopmail.com,firefighter
658,Rhoda,Borrell,Rhoda.Borrell@yopmail.com,developer
659,Stephanie,Wooster,Stephanie.Wooster@yopmail.com,doctor
660,Ayn,Campball,Ayn.Campball@yopmail.com,firefighter
661,Ingrid,Maroney,Ingrid.Maroney@yopmail.com,doctor
662,Korrie,Delp,Korrie.Delp@yopmail.com,developer
663,Lolita,Breed,Lolita.Breed@yopmail.com,firefighter
664,Tiffie,Hull,Tiffie.Hull@yopmail.com,doctor
665,Katuscha,Codding,Katuscha.Codding@yopmail.com,firefighter
666,Dulce,Publia,Dulce.Publia@yopmail.com,developer
667,Kamilah,Santoro,Kamilah.Santoro@yopmail.com,doctor
668,Dyann,Tryck,Dyann.Tryck@yopmail.com,police officer
669,Shandie,Billye,Shandie.Billye@yopmail.com,police officer
670,Rosene,Hilbert,Rosene.Hilbert@yopmail.com,firefighter
671,Melodie,Randene,Melodie.Randene@yopmail.com,police officer
672,Gaylene,Margret,Gaylene.Margret@yopmail.com,firefighter
673,Goldie,Lanita,Goldie.Lanita@yopmail.com,worker
674,Mara,Rozanna,Mara.Rozanna@yopmail.com,doctor
675,Carly,Gunn,Carly.Gunn@yopmail.com,police officer
676,Wileen,Barrus,Wileen.Barrus@yopmail.com,developer
677,Therine,Myrilla,Therine.Myrilla@yopmail.com,developer
678,Florencia,Bollay,Florencia.Bollay@yopmail.com,doctor
679,Frances,Lynn,Frances.Lynn@yopmail.com,developer
680,Aurore,Bakerman,Aurore.Bakerman@yopmail.com,doctor
681,Frank,Faria,Frank.Faria@yopmail.com,worker
682,Renae,Si,Renae.Si@yopmail.com,doctor
683,Elmira,Saunderson,Elmira.Saunderson@yopmail.com,developer
684,Carolina,Frodi,Carolina.Frodi@yopmail.com,police officer
685,Paulita,Henrie,Paulita.Henrie@yopmail.com,worker
686,Hannis,Ahab,Hannis.Ahab@yopmail.com,worker
687,Fred,Kronfeld,Fred.Kronfeld@yopmail.com,police officer
688,Peri,Guildroy,Peri.Guildroy@yopmail.com,firefighter
689,Berget,Swigart,Berget.Swigart@yopmail.com,doctor
690,Viki,Ajay,Viki.Ajay@yopmail.com,firefighter
691,Atlanta,Prouty,Atlanta.Prouty@yopmail.com,worker
692,Emma,Granoff,Emma.Granoff@yopmail.com,developer
693,Daryl,Longfellow,Daryl.Longfellow@yopmail.com,worker
694,Tonia,Boehike,Tonia.Boehike@yopmail.com,worker
695,Vinita,Taima,Vinita.Taima@yopmail.com,worker
696,Jerry,Faso,Jerry.Faso@yopmail.com,firefighter
697,Marjie,Maiah,Marjie.Maiah@yopmail.com,developer
698,Janey,Rogerio,Janey.Rogerio@yopmail.com,police officer
699,Jenda,Dosia,Jenda.Dosia@yopmail.com,doctor
700,June,Nikaniki,June.Nikaniki@yopmail.com,worker
701,Penelopa,Fulmer,Penelopa.Fulmer@yopmail.com,doctor
702,Karena,Schlosser,Karena.Schlosser@yopmail.com,police officer
703,Brooks,Maribeth,Brooks.Maribeth@yopmail.com,developer
704,Briney,Charmine,Briney.Charmine@yopmail.com,developer
705,Linet,Poll,Linet.Poll@yopmail.com,police officer
706,Raina,Byrne,Raina.Byrne@yopmail.com,developer
707,Daphne,Love,Daphne.Love@yopmail.com,worker
708,Angela,Gusella,Angela.Gusella@yopmail.com,police officer
709,Nataline,Chabot,Nataline.Chabot@yopmail.com,police officer
710,Nickie,Cath,Nickie.Cath@yopmail.com,developer
711,Lacie,Verger,Lacie.Verger@yopmail.com,developer
712,Atlanta,Hanshaw,Atlanta.Hanshaw@yopmail.com,doctor
713,Mildrid,Verger,Mildrid.Verger@yopmail.com,police officer
714,Fred,Weitman,Fred.Weitman@yopmail.com,police officer
715,Mureil,Howlyn,Mureil.Howlyn@yopmail.com,developer
716,Paule,Zrike,Paule.Zrike@yopmail.com,firefighter
717,Annice,Daegal,Annice.Daegal@yopmail.com,doctor
718,Andeee,Fillbert,Andeee.Fillbert@yopmail.com,worker
719,Ida,Presber,Ida.Presber@yopmail.com,firefighter
720,Stevana,Baudin,Stevana.Baudin@yopmail.com,worker
721,Molli,Tatianas,Molli.Tatianas@yopmail.com,firefighter
722,Leeanne,Arvo,Leeanne.Arvo@yopmail.com,developer
723,Frances,Kaja,Frances.Kaja@yopmail.com,police officer
724,Sharai,Eliathas,Sharai.Eliathas@yopmail.com,developer
725,Brana,Tarrant,Brana.Tarrant@yopmail.com,police officer
726,Mellicent,Anton,Mellicent.Anton@yopmail.com,doctor
727,Sadie,Johanna,Sadie.Johanna@yopmail.com,developer
728,Harrietta,Durware,Harrietta.Durware@yopmail.com,firefighter
729,Maurene,Lutero,Maurene.Lutero@yopmail.com,police officer
730,Debee,Creamer,Debee.Creamer@yopmail.com,doctor
731,Lauryn,Clarissa,Lauryn.Clarissa@yopmail.com,firefighter
732,Alex,Genna,Alex.Genna@yopmail.com,developer
733,Gusella,Afton,Gusella.Afton@yopmail.com,police officer
734,Imojean,Seligman,Imojean.Seligman@yopmail.com,doctor
735,Shaylyn,Corabella,Shaylyn.Corabella@yopmail.com,doctor
736,Viviene,Lipson,Viviene.Lipson@yopmail.com,doctor
737,Nannie,Byrne,Nannie.Byrne@yopmail.com,doctor
738,Ricky,Girardo,Ricky.Girardo@yopmail.com,doctor
739,Lanae,Rosemary,Lanae.Rosemary@yopmail.com,worker
740,Catharine,Crudden,Catharine.Crudden@yopmail.com,doctor
741,Helsa,Barbey,Helsa.Barbey@yopmail.com,worker
742,Trudie,Hailee,Trudie.Hailee@yopmail.com,developer
743,Dotty,Avi,Dotty.Avi@yopmail.com,police officer
744,Lorne,Reneta,Lorne.Reneta@yopmail.com,developer
745,Jan,Valoniah,Jan.Valoniah@yopmail.com,worker
746,Ethel,Lay,Ethel.Lay@yopmail.com,police officer
747,Stephanie,Ellord,Stephanie.Ellord@yopmail.com,police officer
748,Gusty,Boycey,Gusty.Boycey@yopmail.com,firefighter
749,Ada,Turne,Ada.Turne@yopmail.com,doctor
750,Kial,Cherianne,Kial.Cherianne@yopmail.com,firefighter
751,Tera,Kiersten,Tera.Kiersten@yopmail.com,firefighter
752,Briney,Bates,Briney.Bates@yopmail.com,firefighter
753,Netty,Schonfeld,Netty.Schonfeld@yopmail.com,worker
754,Lita,Dosia,Lita.Dosia@yopmail.com,worker
755,Babita,Terrence,Babita.Terrence@yopmail.com,worker
756,Mary,Blisse,Mary.Blisse@yopmail.com,worker
757,Charissa,Riordan,Charissa.Riordan@yopmail.com,firefighter
758,Merry,Dichy,Merry.Dichy@yopmail.com,police officer
759,Renie,Bryna,Renie.Bryna@yopmail.com,developer
760,Alleen,Ashely,Alleen.Ashely@yopmail.com,doctor
761,Vanessa,Rustice,Vanessa.Rustice@yopmail.com,developer
762,Almeta,Wenda,Almeta.Wenda@yopmail.com,worker
763,Roslyn,Merell,Roslyn.Merell@yopmail.com,worker
764,Mariele,Natica,Mariele.Natica@yopmail.com,worker
765,Alyda,Ledah,Alyda.Ledah@yopmail.com,police officer
766,Molli,Hutchison,Molli.Hutchison@yopmail.com,police officer
767,Margarette,Sheedy,Margarette.Sheedy@yopmail.com,firefighter
768,Helsa,Carey,Helsa.Carey@yopmail.com,worker
769,Barbara,Gladstone,Barbara.Gladstone@yopmail.com,worker
770,Nannie,Himelman,Nannie.Himelman@yopmail.com,firefighter
771,Lizzie,Bivins,Lizzie.Bivins@yopmail.com,firefighter
772,Kassey,Yoko,Kassey.Yoko@yopmail.com,firefighter
773,Kirbee,Cath,Kirbee.Cath@yopmail.com,firefighter
774,Rosene,Iaverne,Rosene.Iaverne@yopmail.com,doctor
775,Tami,Estella,Tami.Estella@yopmail.com,developer
776,Carly,Bergman,Carly.Bergman@yopmail.com,developer
777,Shel,Daniele,Shel.Daniele@yopmail.com,developer
778,Myrtice,Yam,Myrtice.Yam@yopmail.com,developer
779,Candi,Kalinda,Candi.Kalinda@yopmail.com,police officer
780,Marguerite,Flyn,Marguerite.Flyn@yopmail.com,police officer
781,Deirdre,Anton,Deirdre.Anton@yopmail.com,developer
782,Renae,Earlie,Renae.Earlie@yopmail.com,developer
783,Ottilie,Brunell,Ottilie.Brunell@yopmail.com,firefighter
784,Elise,Gaulin,Elise.Gaulin@yopmail.com,doctor
785,Louella,Ciapas,Louella.Ciapas@yopmail.com,police officer
786,Shirlee,Mayeda,Shirlee.Mayeda@yopmail.com,developer
787,Tani,Thomasina,Tani.Thomasina@yopmail.com,firefighter
788,Mireielle,Fiester,Mireielle.Fiester@yopmail.com,police officer
789,Annabela,Firmin,Annabela.Firmin@yopmail.com,doctor
790,Max,Gower,Max.Gower@yopmail.com,doctor
791,June,Grobe,June.Grobe@yopmail.com,police officer
792,Selma,Carleen,Selma.Carleen@yopmail.com,doctor
793,Florie,Terrence,Florie.Terrence@yopmail.com,developer
794,Dulcinea,Dex,Dulcinea.Dex@yopmail.com,firefighter
795,Nikki,Rubie,Nikki.Rubie@yopmail.com,firefighter
796,Audrie,Annabella,Audrie.Annabella@yopmail.com,police officer
797,Harrietta,Velick,Harrietta.Velick@yopmail.com,developer
798,Ezmeralda,Tybald,Ezmeralda.Tybald@yopmail.com,worker
799,Madelle,LaRue,Madelle.LaRue@yopmail.com,doctor
800,Beverley,Primalia,Beverley.Primalia@yopmail.com,worker
801,Chandra,Sothena,Chandra.Sothena@yopmail.com,developer
802,Jillayne,Hirsch,Jillayne.Hirsch@yopmail.com,worker
803,Yetty,Deny,Yetty.Deny@yopmail.com,firefighter
804,Marguerite,Chandler,Marguerite.Chandler@yopmail.com,firefighter
805,Tersina,Grayce,Tersina.Grayce@yopmail.com,developer
806,Charissa,Weinreb,Charissa.Weinreb@yopmail.com,police officer
807,Lisette,Tufts,Lisette.Tufts@yopmail.com,developer
808,Sissy,Azeria,Sissy.Azeria@yopmail.com,firefighter
809,Dacia,Bevin,Dacia.Bevin@yopmail.com,firefighter
810,Anthia,Llovera,Anthia.Llovera@yopmail.com,police officer
811,Ursulina,Revkah,Ursulina.Revkah@yopmail.com,doctor
812,Rubie,Ingra,Rubie.Ingra@yopmail.com,police officer
813,Trudie,Bashemeth,Trudie.Bashemeth@yopmail.com,doctor
814,Anallese,Cleavland,Anallese.Cleavland@yopmail.com,worker
815,Kimberley,Ummersen,Kimberley.Ummersen@yopmail.com,firefighter
816,Penelopa,Niccolo,Penelopa.Niccolo@yopmail.com,doctor
817,Ottilie,Gamaliel,Ottilie.Gamaliel@yopmail.com,developer
818,Marsiella,Freddi,Marsiella.Freddi@yopmail.com,firefighter
819,Ivett,Kylander,Ivett.Kylander@yopmail.com,firefighter
820,Laurene,Ashely,Laurene.Ashely@yopmail.com,worker
821,Pollyanna,Elo,Pollyanna.Elo@yopmail.com,police officer
822,Ayn,Larochelle,Ayn.Larochelle@yopmail.com,firefighter
823,Alejandra,Fink,Alejandra.Fink@yopmail.com,worker
824,Caritta,Khorma,Caritta.Khorma@yopmail.com,doctor
825,Karlee,Remmer,Karlee.Remmer@yopmail.com,police officer
826,Ira,Tamsky,Ira.Tamsky@yopmail.com,developer
827,Rori,Tiffa,Rori.Tiffa@yopmail.com,worker
828,Nataline,Celestine,Nataline.Celestine@yopmail.com,doctor
829,Candi,Carbo,Candi.Carbo@yopmail.com,doctor
830,Pearline,Dom,Pearline.Dom@yopmail.com,firefighter
831,Oona,Colp,Oona.Colp@yopmail.com,firefighter
832,Madelle,Capello,Madelle.Capello@yopmail.com,police officer
833,Gretal,Donoghue,Gretal.Donoghue@yopmail.com,firefighter
834,Vanessa,Modie,Vanessa.Modie@yopmail.com,firefighter
835,Lynnea,Ingra,Lynnea.Ingra@yopmail.com,worker
836,Nonnah,Tillford,Nonnah.Tillford@yopmail.com,doctor
837,Clarice,Garek,Clarice.Garek@yopmail.com,developer
838,Shell,Morehouse,Shell.Morehouse@yopmail.com,worker
839,Dulce,Paton,Dulce.Paton@yopmail.com,worker
840,Berta,Hurley,Berta.Hurley@yopmail.com,firefighter
841,Zondra,Gemini,Zondra.Gemini@yopmail.com,doctor
842,Hayley,Bendick,Hayley.Bendick@yopmail.com,worker
843,Elfreda,Borrell,Elfreda.Borrell@yopmail.com,developer
844,Shell,Brotherson,Shell.Brotherson@yopmail.com,doctor
845,Adriana,Chaing,Adriana.Chaing@yopmail.com,doctor
846,Shaine,Dituri,Shaine.Dituri@yopmail.com,police officer
847,Linet,Kiersten,Linet.Kiersten@yopmail.com,doctor
848,Berget,Suanne,Berget.Suanne@yopmail.com,firefighter
849,Caressa,Camden,Caressa.Camden@yopmail.com,firefighter
850,Alexine,Baudin,Alexine.Baudin@yopmail.com,firefighter
851,Sadie,Germann,Sadie.Germann@yopmail.com,firefighter
852,Gratia,Buffum,Gratia.Buffum@yopmail.com,firefighter
853,Nadine,Nea,Nadine.Nea@yopmail.com,developer
854,Aaren,Kelula,Aaren.Kelula@yopmail.com,firefighter
855,Judy,Lesley,Judy.Lesley@yopmail.com,developer
856,Winny,Herrera,Winny.Herrera@yopmail.com,doctor
857,Candy,Thunell,Candy.Thunell@yopmail.com,worker
858,Melisent,Papageno,Melisent.Papageno@yopmail.com,firefighter
859,Coral,Neva,Coral.Neva@yopmail.com,doctor
860,Donetta,Faust,Donetta.Faust@yopmail.com,police officer
861,Beverley,Capello,Beverley.Capello@yopmail.com,firefighter
862,Ursulina,Urania,Ursulina.Urania@yopmail.com,police officer
863,Cyndie,Scammon,Cyndie.Scammon@yopmail.com,doctor
864,Edee,Erlandson,Edee.Erlandson@yopmail.com,doctor
865,Imojean,Beebe,Imojean.Beebe@yopmail.com,police officer
866,Aili,Tybald,Aili.Tybald@yopmail.com,developer
867,Gianina,Gualtiero,Gianina.Gualtiero@yopmail.com,firefighter
868,Jorry,Stanwood,Jorry.Stanwood@yopmail.com,doctor
869,Cherilyn,Marcellus,Cherilyn.Marcellus@yopmail.com,police officer
870,Aeriela,Grobe,Aeriela.Grobe@yopmail.com,police officer
871,Aigneis,Campball,Aigneis.Campball@yopmail.com,worker
872,Marti,Junie,Marti.Junie@yopmail.com,doctor
873,Belinda,Nelsen,Belinda.Nelsen@yopmail.com,worker
874,Elsie,Chrystel,Elsie.Chrystel@yopmail.com,police officer
875,Kathy,Henrie,Kathy.Henrie@yopmail.com,firefighter
876,Elbertina,Arquit,Elbertina.Arquit@yopmail.com,developer
877,Nerta,Voletta,Nerta.Voletta@yopmail.com,developer
878,Corly,Frodi,Corly.Frodi@yopmail.com,developer
879,Renie,Noam,Renie.Noam@yopmail.com,doctor
880,Alia,Skurnik,Alia.Skurnik@yopmail.com,worker
881,Felice,Ricki,Felice.Ricki@yopmail.com,police officer
882,Zia,Bates,Zia.Bates@yopmail.com,police officer
883,Lisette,Madelene,Lisette.Madelene@yopmail.com,doctor
884,Ninnetta,Winnick,Ninnetta.Winnick@yopmail.com,firefighter
885,Kimmy,Jaylene,Kimmy.Jaylene@yopmail.com,firefighter
886,Vere,Even,Vere.Even@yopmail.com,developer
887,Jennica,Brunell,Jennica.Brunell@yopmail.com,worker
888,Beatriz,Dulciana,Beatriz.Dulciana@yopmail.com,firefighter
889,Heddie,Rosette,Heddie.Rosette@yopmail.com,doctor
890,Violet,Elo,Violet.Elo@yopmail.com,doctor
891,Lindie,Maxi,Lindie.Maxi@yopmail.com,worker
892,Courtnay,Warthman,Courtnay.Warthman@yopmail.com,developer
893,Suzette,Francyne,Suzette.Francyne@yopmail.com,firefighter
894,Tilly,Goth,Tilly.Goth@yopmail.com,developer
895,Emmey,Arne,Emmey.Arne@yopmail.com,doctor
896,Ileana,Elisha,Ileana.Elisha@yopmail.com,worker
897,Carlie,Shaddock,Carlie.Shaddock@yopmail.com,developer
898,Rivalee,Leler,Rivalee.Leler@yopmail.com,worker
899,Vinita,Rhu,Vinita.Rhu@yopmail.com,doctor
900,Hayley,Tengdin,Hayley.Tengdin@yopmail.com,worker
901,Nananne,Demitria,Nananne.Demitria@yopmail.com,police officer
902,Chastity,Zina,Chastity.Zina@yopmail.com,worker
903,Susan,Standing,Susan.Standing@yopmail.com,firefighter
904,Lisette,Narton,Lisette.Narton@yopmail.com,doctor
905,Ashlee,Pulsifer,Ashlee.Pulsifer@yopmail.com,doctor
906,Dari,Elsinore,Dari.Elsinore@yopmail.com,firefighter
907,Renae,Kendrick,Renae.Kendrick@yopmail.com,police officer
908,Chastity,Francyne,Chastity.Francyne@yopmail.com,doctor
909,Calla,Thomasina,Calla.Thomasina@yopmail.com,developer
910,Lorenza,Concha,Lorenza.Concha@yopmail.com,developer
911,Iseabal,Friede,Iseabal.Friede@yopmail.com,worker
912,Andree,Cohdwell,Andree.Cohdwell@yopmail.com,worker
913,Deane,Zaslow,Deane.Zaslow@yopmail.com,worker
914,Daphne,Neva,Daphne.Neva@yopmail.com,doctor
915,Sybille,Zrike,Sybille.Zrike@yopmail.com,police officer
916,Marleah,Simmonds,Marleah.Simmonds@yopmail.com,police officer
917,Merci,Gillan,Merci.Gillan@yopmail.com,firefighter
918,Claresta,Joseph,Claresta.Joseph@yopmail.com,developer
919,Winny,Sadowski,Winny.Sadowski@yopmail.com,developer
920,Hallie,Teddman,Hallie.Teddman@yopmail.com,worker
921,Sharai,Kelula,Sharai.Kelula@yopmail.com,developer
922,Shaylyn,Iphlgenia,Shaylyn.Iphlgenia@yopmail.com,police officer
923,Marnia,Pascia,Marnia.Pascia@yopmail.com,firefighter
924,Juliane,Sidonius,Juliane.Sidonius@yopmail.com,developer
925,Cristine,Rad,Cristine.Rad@yopmail.com,doctor
926,Amara,Keelia,Amara.Keelia@yopmail.com,police officer
927,Neila,Angelis,Neila.Angelis@yopmail.com,police officer
928,Pollyanna,Noam,Pollyanna.Noam@yopmail.com,worker
929,Minda,Ranjiv,Minda.Ranjiv@yopmail.com,developer
930,Olivette,Marisa,Olivette.Marisa@yopmail.com,police officer
931,Janeczka,Brotherson,Janeczka.Brotherson@yopmail.com,developer
932,Lexine,Shaddock,Lexine.Shaddock@yopmail.com,worker
933,Beth,Martsen,Beth.Martsen@yopmail.com,doctor
934,Therine,Clywd,Therine.Clywd@yopmail.com,police officer
935,Etta,Lindemann,Etta.Lindemann@yopmail.com,developer
936,Kellen,Flita,Kellen.Flita@yopmail.com,doctor
937,Tarra,Tremayne,Tarra.Tremayne@yopmail.com,firefighter
938,Kore,Candy,Kore.Candy@yopmail.com,firefighter
939,Mary,Letsou,Mary.Letsou@yopmail.com,doctor
940,Brynna,Orelee,Brynna.Orelee@yopmail.com,developer
941,Sissy,Suanne,Sissy.Suanne@yopmail.com,developer
942,Monika,Gavrila,Monika.Gavrila@yopmail.com,worker
943,Stacey,Jefferey,Stacey.Jefferey@yopmail.com,doctor
944,Renae,Middleton,Renae.Middleton@yopmail.com,worker
945,Alleen,Allare,Alleen.Allare@yopmail.com,firefighter
946,Rosanne,Bevin,Rosanne.Bevin@yopmail.com,doctor
947,Philis,Percy,Philis.Percy@yopmail.com,police officer
948,Atlanta,Forrer,Atlanta.Forrer@yopmail.com,worker
949,Jinny,Jethro,Jinny.Jethro@yopmail.com,police officer
950,Marline,Gerge,Marline.Gerge@yopmail.com,doctor
951,Teriann,Yoko,Teriann.Yoko@yopmail.com,developer
952,Mignon,Sherfield,Mignon.Sherfield@yopmail.com,doctor
953,Asia,Shaver,Asia.Shaver@yopmail.com,police officer
954,Wanda,Suk,Wanda.Suk@yopmail.com,doctor
955,Dominga,Cyrie,Dominga.Cyrie@yopmail.com,police officer
956,Vivia,Arley,Vivia.Arley@yopmail.com,firefighter
957,Phylis,Meli,Phylis.Meli@yopmail.com,firefighter
958,Angela,Lacombe,Angela.Lacombe@yopmail.com,worker
959,Tami,Darbie,Tami.Darbie@yopmail.com,worker
960,Latisha,Schenck,Latisha.Schenck@yopmail.com,developer
961,Charmaine,Schroth,Charmaine.Schroth@yopmail.com,worker
962,Krystle,Zitvaa,Krystle.Zitvaa@yopmail.com,police officer
963,Jorry,Lowry,Jorry.Lowry@yopmail.com,worker
964,Harrietta,Burch,Harrietta.Burch@yopmail.com,police officer
965,Bibby,Schwejda,Bibby.Schwejda@yopmail.com,developer
966,Christal,Saint,Christal.Saint@yopmail.com,doctor
967,Annora,Fleeta,Annora.Fleeta@yopmail.com,developer
968,Maryellen,Martsen,Maryellen.Martsen@yopmail.com,worker
969,Ariela,Dorine,Ariela.Dorine@yopmail.com,firefighter
970,Renie,Marcellus,Renie.Marcellus@yopmail.com,developer
971,Laurene,Serilda,Laurene.Serilda@yopmail.com,police officer
972,Nonnah,Alexandr,Nonnah.Alexandr@yopmail.com,doctor
973,Gwenneth,Dituri,Gwenneth.Dituri@yopmail.com,worker
974,Heida,Federica,Heida.Federica@yopmail.com,worker
975,Lauryn,Justinn,Lauryn.Justinn@yopmail.com,worker
976,Dorice,Casimir,Dorice.Casimir@yopmail.com,doctor
977,Fidelia,Glenden,Fidelia.Glenden@yopmail.com,police officer
978,Dennie,Alice,Dennie.Alice@yopmail.com,developer
979,Willetta,Himelman,Willetta.Himelman@yopmail.com,developer
980,Lesly,Pearse,Lesly.Pearse@yopmail.com,worker
981,Jenilee,Madox,Jenilee.Madox@yopmail.com,worker
982,Gloria,Briney,Gloria.Briney@yopmail.com,police officer
983,Fawne,Wiener,Fawne.Wiener@yopmail.com,doctor
984,Nanete,Pauly,Nanete.Pauly@yopmail.com,developer
985,Berget,Callista,Berget.Callista@yopmail.com,police officer
986,Pierette,Jalbert,Pierette.Jalbert@yopmail.com,doctor
987,Dawn,Saunderson,Dawn.Saunderson@yopmail.com,firefighter
988,Renie,Zenas,Renie.Zenas@yopmail.com,doctor
989,Shirlee,Yam,Shirlee.Yam@yopmail.com,developer
990,Shell,Rubie,Shell.Rubie@yopmail.com,doctor
991,Wilma,Adore,Wilma.Adore@yopmail.com,police officer
992,Rivalee,Gunn,Rivalee.Gunn@yopmail.com,doctor
993,Corina,Annabella,Corina.Annabella@yopmail.com,worker
994,Henriette,Poll,Henriette.Poll@yopmail.com,developer
995,Abbie,Lacombe,Abbie.Lacombe@yopmail.com,firefighter
996,Selma,Croix,Selma.Croix@yopmail.com,developer
997,Yvonne,Kazimir,Yvonne.Kazimir@yopmail.com,doctor
998,Paule,Greyson,Paule.Greyson@yopmail.com,worker
999,Mireielle,Sammons,Mireielle.Sammons@yopmail.com,developer
1000,Rubie,Turne,Rubie.Turne@yopmail.com,doctor
1001,Bill,Jerold,Bill.Jerold@yopmail.com,police officer
1002,Etta,Couture,Etta.Couture@yopmail.com,developer
1003,Gisela,Hartnett,Gisela.Hartnett@yopmail.com,doctor
1004,Ericka,Ehrman,Ericka.Ehrman@yopmail.com,worker
1005,Millie,Audly,Millie.Audly@yopmail.com,developer
1006,Corina,Roxanna,Corina.Roxanna@yopmail.com,developer
1007,Adriana,Egbert,Adriana.Egbert@yopmail.com,firefighter
1008,Karina,Franza,Karina.Franza@yopmail.com,doctor
1009,Etta,Rustice,Etta.Rustice@yopmail.com,firefighter
1010,Lyssa,Henebry,Lyssa.Henebry@yopmail.com,worker
1011,June,Adlare,June.Adlare@yopmail.com,worker
1012,Brooks,Longfellow,Brooks.Longfellow@yopmail.com,developer
1013,Annaliese,Cristi,Annaliese.Cristi@yopmail.com,doctor
1014,Carree,Hoban,Carree.Hoban@yopmail.com,firefighter
1015,Kary,Lindemann,Kary.Lindemann@yopmail.com,developer
1016,Annabela,Valoniah,Annabela.Valoniah@yopmail.com,firefighter
1017,Hermione,Alabaster,Hermione.Alabaster@yopmail.com,doctor
1018,Felice,Aaberg,Felice.Aaberg@yopmail.com,doctor
1019,Orelia,Wind,Orelia.Wind@yopmail.com,doctor
1020,Kaja,Lesley,Kaja.Lesley@yopmail.com,doctor
1021,Agnese,Dawkins,Agnese.Dawkins@yopmail.com,police officer
1022,Lolita,Goth,Lolita.Goth@yopmail.com,police officer
1023,Therine,Bord,Therine.Bord@yopmail.com,developer
1024,Kimmy,Wittie,Kimmy.Wittie@yopmail.com,doctor
1025,Trixi,Bartlett,Trixi.Bartlett@yopmail.com,firefighter
1026,Vanessa,Hachmin,Vanessa.Hachmin@yopmail.com,developer
1027,Catharine,Lipson,Catharine.Lipson@yopmail.com,doctor
1028,Carlie,Boehike,Carlie.Boehike@yopmail.com,developer
1029,Florie,Tacye,Florie.Tacye@yopmail.com,police officer
1030,Melisent,Odysseus,Melisent.Odysseus@yopmail.com,firefighter
1031,Xylina,Selway,Xylina.Selway@yopmail.com,worker
1032,Mellicent,Naashom,Mellicent.Naashom@yopmail.com,doctor
1033,Hollie,Eachern,Hollie.Eachern@yopmail.com,developer
1034,Aaren,Bach,Aaren.Bach@yopmail.com,developer
1035,Grier,Anselmi,Grier.Anselmi@yopmail.com,worker
1036,Hayley,Colp,Hayley.Colp@yopmail.com,firefighter
1037,Lily,Tatianas,Lily.Tatianas@yopmail.com,police officer
1038,Roslyn,August,Roslyn.August@yopmail.com,police officer
1039,Stacey,Saunderson,Stacey.Saunderson@yopmail.com,doctor
1040,Viki,Freddi,Viki.Freddi@yopmail.com,police officer
1041,Dennie,Grimbly,Dennie.Grimbly@yopmail.com,worker
1042,Meghann,Joeann,Meghann.Joeann@yopmail.com,police officer
1043,Jerry,Schenck,Jerry.Schenck@yopmail.com,developer
1044,Winny,Graig,Winny.Graig@yopmail.com,developer
1045,Jorry,Faust,Jorry.Faust@yopmail.com,police officer
1046,Latisha,Evangelia,Latisha.Evangelia@yopmail.com,worker
1047,Nonnah,Lorain,Nonnah.Lorain@yopmail.com,police officer
1048,Vanessa,Michella,Vanessa.Michella@yopmail.com,police officer
1049,Mallory,Gladstone,Mallory.Gladstone@yopmail.com,firefighter
1050,Roslyn,Sacken,Roslyn.Sacken@yopmail.com,developer
1051,Charmaine,Berard,Charmaine.Berard@yopmail.com,police officer
1052,Bibby,Yate,Bibby.Yate@yopmail.com,police officer
1053,Winifred,Rheingold,Winifred.Rheingold@yopmail.com,police officer
1054,Charlena,Caitlin,Charlena.Caitlin@yopmail.com,developer
1055,Cristabel,Natalia,Cristabel.Natalia@yopmail.com,worker
1056,Kassey,Alcott,Kassey.Alcott@yopmail.com,doctor
1057,Daune,Sheng,Daune.Sheng@yopmail.com,worker
1058,Kassey,Bryna,Kassey.Bryna@yopmail.com,worker
1059,Stephanie,Celestine,Stephanie.Celestine@yopmail.com,developer
1060,Di,Valoniah,Di.Valoniah@yopmail.com,doctor
1061,Michaelina,Bahr,Michaelina.Bahr@yopmail.com,firefighter
1062,Silvana,Viddah,Silvana.Viddah@yopmail.com,firefighter
1063,Mildrid,Demitria,Mildrid.Demitria@yopmail.com,police officer
1064,Marguerite,Nedrud,Marguerite.Nedrud@yopmail.com,developer
1065,Hermione,Skell,Hermione.Skell@yopmail.com,worker
1066,Dacia,Gaynor,Dacia.Gaynor@yopmail.com,police officer
1067,Mariele,Madaih,Mariele.Madaih@yopmail.com,doctor
1068,Jeanna,Nore,Jeanna.Nore@yopmail.com,worker
1069,Amara,Haymes,Amara.Haymes@yopmail.com,doctor
1070,Micheline,Jacobah,Micheline.Jacobah@yopmail.com,developer
1071,Dianemarie,Audly,Dianemarie.Audly@yopmail.com,firefighter
1072,Lulita,Stevy,Lulita.Stevy@yopmail.com,police officer
1073,Audrie,Lasley,Audrie.Lasley@yopmail.com,firefighter
1074,Dale,Bultman,Dale.Bultman@yopmail.com,police officer
1075,Glynnis,Crudden,Glynnis.Crudden@yopmail.com,police officer
1076,Mireielle,Mauer,Mireielle.Mauer@yopmail.com,developer
1077,Dode,Pitt,Dode.Pitt@yopmail.com,doctor
1078,Kristan,Dermott,Kristan.Dermott@yopmail.com,firefighter
1079,Gretal,Damarra,Gretal.Damarra@yopmail.com,worker
1080,Elbertina,Dichy,Elbertina.Dichy@yopmail.com,doctor
1081,Susan,Ax,Susan.Ax@yopmail.com,worker
1082,Sharai,Cottle,Sharai.Cottle@yopmail.com,police officer
1083,Bernardine,Jorgan,Bernardine.Jorgan@yopmail.com,worker
1084,Oralee,Nester,Oralee.Nester@yopmail.com,police officer
1085,Myrtice,Aprile,Myrtice.Aprile@yopmail.com,worker
1086,Lulita,Tybald,Lulita.Tybald@yopmail.com,police officer
1087,Johna,Kenney,Johna.Kenney@yopmail.com,worker
1088,Lila,Sigfrid,Lila.Sigfrid@yopmail.com,worker
1089,Kittie,Euridice,Kittie.Euridice@yopmail.com,firefighter
1090,Lulita,Borrell,Lulita.Borrell@yopmail.com,worker
1091,Paule,Alwin,Paule.Alwin@yopmail.com,firefighter
1092,Lorie,Lea,Lorie.Lea@yopmail.com,worker
1093,Atlanta,Colp,Atlanta.Colp@yopmail.com,doctor
1094,Dorthy,Schroth,Dorthy.Schroth@yopmail.com,police officer
1095,Lorenza,Cadmar,Lorenza.Cadmar@yopmail.com,firefighter
1096,Siana,Ferino,Siana.Ferino@yopmail.com,firefighter
1097,Nessie,Billye,Nessie.Billye@yopmail.com,worker
1098,Dode,Berard,Dode.Berard@yopmail.com,worker
1099,Frances,Diann,Frances.Diann@yopmail.com,doctor
